{"cameraMode":{"drawMode":0,"name":"Shaded","section":"Shading Mode"},"sceneLighting":true,"audioPlay":false,"sceneViewState":{"showFog":true,"showMaterialUpdate":false,"showSkybox":true,"showFlares":true,"showImageEffects":true,"showParticleSystems":true},"in2DMode":false,"pivot":{"x":0.22181738913059236,"y":90.14258575439453,"z":1.7681095600128174},"rotation":{"x":0.43750661611557009,"y":0.02427401766180992,"z":-0.011815806850790978,"w":0.8988130688667297},"size":3.9481194019317629,"orthographic":false}