{"cameraMode":{"drawMode":0,"name":"Shaded","section":"Shading Mode"},"sceneLighting":true,"audioPlay":false,"sceneViewState":{"showFog":true,"showMaterialUpdate":false,"showSkybox":true,"showFlares":true,"showImageEffects":true,"showParticleSystems":true},"in2DMode":false,"pivot":{"x":0.6235330104827881,"y":88.6098403930664,"z":9.35732650756836},"rotation":{"x":-0.19277890026569367,"y":-0.09900970757007599,"z":0.01955133117735386,"w":-0.9760462641716003},"size":7.813576698303223,"orthographic":false}