{"cameraMode":{"drawMode":0,"name":"Shaded","section":"Shading Mode"},"sceneLighting":true,"audioPlay":false,"sceneViewState":{"showFog":true,"showMaterialUpdate":false,"showSkybox":true,"showFlares":true,"showImageEffects":true,"showParticleSystems":true},"in2DMode":false,"pivot":{"x":11.178366661071778,"y":-3.5158581733703615,"z":-22.6954402923584},"rotation":{"x":0.041086215525865558,"y":0.011391361244022847,"z":-0.0004652130010072142,"w":0.9991001486778259},"size":37.21600341796875,"orthographic":true}