{"cameraMode":{"drawMode":0,"name":"Shaded","section":"Shading Mode"},"sceneLighting":false,"audioPlay":false,"sceneViewState":{"showFog":true,"showMaterialUpdate":false,"showSkybox":false,"showFlares":true,"showImageEffects":true,"showParticleSystems":true},"in2DMode":false,"pivot":{"x":-0.6528737545013428,"y":-0.25578200817108157,"z":0.8319236040115356},"rotation":{"x":-0.010608392767608166,"y":0.987369179725647,"z":-0.13895025849342347,"w":-0.07538267225027085},"size":3.9106037616729738,"orthographic":false}