{"cameraMode":{"drawMode":0,"name":"Shaded","section":"Shading Mode"},"sceneLighting":false,"audioPlay":false,"sceneViewState":{"showFog":true,"showMaterialUpdate":false,"showSkybox":false,"showFlares":true,"showImageEffects":true,"showParticleSystems":true},"in2DMode":false,"pivot":{"x":-0.10774469375610352,"y":-1.0910441875457764,"z":0.13824988901615144},"rotation":{"x":0.0002088137698592618,"y":0.9979920983314514,"z":-0.06326702982187271,"w":0.0032942332327365877},"size":6.400781154632568,"orthographic":false}