{"cameraMode":{"drawMode":0,"name":"Shaded","section":"Shading Mode"},"sceneLighting":false,"audioPlay":false,"sceneViewState":{"showFog":true,"showMaterialUpdate":false,"showSkybox":false,"showFlares":true,"showImageEffects":true,"showParticleSystems":true},"in2DMode":false,"pivot":{"x":-1.716118574142456,"y":0.4385422170162201,"z":0.3262125253677368},"rotation":{"x":0.0002088137698592618,"y":0.9979920983314514,"z":-0.06326702982187271,"w":0.0032942332327365877},"size":4.210603713989258,"orthographic":false}