{"cameraMode":{"drawMode":0,"name":"Shaded","section":"Shading Mode"},"sceneLighting":false,"audioPlay":false,"sceneViewState":{"showFog":true,"showMaterialUpdate":false,"showSkybox":false,"showFlares":true,"showImageEffects":true,"showParticleSystems":true},"in2DMode":false,"pivot":{"x":-3.305403709411621,"y":-1.9151408672332764,"z":0.2219291776418686},"rotation":{"x":0.0002088137698592618,"y":0.9979920983314514,"z":-0.06326702982187271,"w":0.0032942332327365877},"size":10.0,"orthographic":false}