{"cameraMode":{"drawMode":0,"name":"Shaded","section":"Shading Mode"},"sceneLighting":false,"audioPlay":false,"sceneViewState":{"showFog":true,"showMaterialUpdate":false,"showSkybox":false,"showFlares":true,"showImageEffects":true,"showParticleSystems":true},"in2DMode":false,"pivot":{"x":-0.2613701820373535,"y":0.6922467350959778,"z":0.3340185880661011},"rotation":{"x":0.0002088137698592618,"y":0.9979920983314514,"z":-0.06326702982187271,"w":0.0032942332327365877},"size":4.210603713989258,"orthographic":false}