{"cameraMode":{"drawMode":0,"name":"Shaded","section":"Shading Mode"},"sceneLighting":false,"audioPlay":false,"sceneViewState":{"showFog":true,"showMaterialUpdate":false,"showSkybox":false,"showFlares":true,"showImageEffects":true,"showParticleSystems":true},"in2DMode":false,"pivot":{"x":-0.10774469375610352,"y":-1.0910441875457764,"z":0.13824988901615144},"rotation":{"x":0.00015986259677447379,"y":0.999434232711792,"z":-0.03330305963754654,"w":0.0047981697134673599},"size":6.400781154632568,"orthographic":false}