{"cameraMode":{"drawMode":0,"name":"Shaded","section":"Shading Mode"},"sceneLighting":true,"audioPlay":false,"sceneViewState":{"showFog":true,"showMaterialUpdate":false,"showSkybox":true,"showFlares":true,"showImageEffects":true,"showParticleSystems":true},"in2DMode":false,"pivot":{"x":-0.5900011658668518,"y":-0.7794260382652283,"z":6.225118160247803},"rotation":{"x":-0.06026696786284447,"y":0.014071270823478699,"z":-0.0008496700320392847,"w":-0.9980811476707459},"size":5.725207328796387,"orthographic":false}