{"cameraMode":{"drawMode":0,"name":"Shaded","section":"Shading Mode"},"sceneLighting":true,"audioPlay":false,"sceneViewState":{"showFog":true,"showMaterialUpdate":false,"showSkybox":true,"showFlares":true,"showImageEffects":true,"showParticleSystems":true},"in2DMode":false,"pivot":{"x":-5.1590471267700199,"y":-6.466637134552002,"z":28.454404830932618},"rotation":{"x":-0.07372288405895233,"y":0.023032398894429208,"z":-0.0017030787421390415,"w":-0.9970111846923828},"size":18.027755737304689,"orthographic":false}